,param,acc
0,{'lr__max_iter': 50},0.94015625
1,{'lr__max_iter': 100},0.9574479166666666
2,{'lr__max_iter': 250},0.9604166666666666
3,{'lr__max_iter': 500},0.9607291666666666
4,{'lr__max_iter': 750},0.9607812499999999
5,{'lr__max_iter': 1000},0.9607812499999999
6,{'lr__max_iter': 1250},0.9607812499999999
7,{'lr__max_iter': 1500},0.9607812499999999
